{"nintyth_per_maf": 33.125, "nintyth_per_throttle_pos": 33.125, "nintyth_per_speed": 33.125, "avg_throttle_pos": 33.09713541666667, "avg_maf": 33.09713541666667, "nintyth_per_rpm": 33.125, "avg_rpm": 33.09713541666667, "avg_speed": 33.09713541666667}